NDM-1 position,pos_model_ndm,NDM-1 wt residue,VIM-2 position,pos_model_vim,VIM-2 wt residue
47,4,G,42,4,G
48,5,D,43,5,E
49,6,L,44,6,V
50,7,V,45,7,R
51,8,F,46,8,L
52,9,R,47,9,Y
53,10,Q,48,10,Q
54,11,L,49,11,I
55,12,A,50,12,A
56,13,P,51,13,D
57,14,N,52,14,G
58,15,V,53,15,V
59,16,W,54,16,W
60,17,Q,55,17,S
61,18,H,56,18,H
62,19,T,57,19,I
63,20,S,58,20,A
64,21,Y,59,21,T
65,22,L,60,22,Q
66,23,D,61,23,S
67,24,M,62,24,F
68,25,P,63,25,D
69,26,G,64,26,G
71,28,G,65,28,A
72,29,A,66,29,V
73,30,V,67,30,Y
74,31,A,68,31,P
75,32,S,69,32,S
76,33,N,70,33,N
77,34,G,71,34,G
78,35,L,72,35,L
79,36,I,73,36,I
80,37,V,74,37,V
81,38,R,75,38,R
82,39,D,76,39,D
83,40,G,77,40,G
84,41,G,78,41,D
85,42,R,79,42,E
86,43,V,80,43,L
87,44,L,81,44,L
88,45,V,82,45,L
89,46,V,83,46,I
90,47,D,84,47,D
91,48,T,85,48,T
92,49,A,86,49,A
93,50,W,87,50,W
94,51,T,88,51,G
95,52,D,89,52,A
96,53,D,90,53,K
97,54,Q,91,54,N
98,55,T,92,55,T
99,56,A,93,56,A
100,57,Q,94,57,A
101,58,I,95,58,L
102,59,L,96,59,L
103,60,N,97,60,A
104,61,W,98,61,E
105,62,I,99,62,I
106,63,K,100,63,E
107,64,Q,101,64,K
108,65,E,102,65,Q
109,66,I,103,66,I
110,67,N,104,67,G
111,68,L,105,68,L
112,69,P,106,69,P
113,70,V,107,70,V
114,71,A,108,71,T
115,72,L,109,72,R
116,73,A,110,73,A
117,74,V,111,74,V
118,75,V,112,75,S
119,76,T,113,76,T
120,77,H,114,77,H
121,78,A,115,78,F
122,79,H,116,79,H
123,80,Q,117,80,D
124,81,D,118,81,D
125,82,K,119,82,R
126,83,M,120,83,V
127,84,G,121,84,G
128,85,G,122,85,G
129,86,M,123,86,V
130,87,D,124,87,D
131,88,A,125,88,V
132,89,L,126,89,L
133,90,H,127,90,R
134,91,A,128,91,A
135,92,A,129,92,A
136,93,G,130,93,G
137,94,I,131,94,V
138,95,A,132,95,A
139,96,T,133,96,T
140,97,Y,134,97,Y
141,98,A,135,98,A
142,99,N,136,99,S
143,100,A,137,100,P
144,101,L,138,101,S
145,102,S,139,102,T
146,103,N,140,103,R
147,104,Q,141,104,R
148,105,L,142,105,L
149,106,A,143,106,A
150,107,P,144,107,E
151,108,Q,145,108,V
152,109,E,146,109,E
153,110,G,147,110,G
154,111,M,148,111,N
155,112,V,149,112,E
156,113,A,150,113,I
157,114,A,151,114,P
158,115,Q,152,115,T
159,116,H,153,116,H
160,117,S,154,117,S
161,118,L,155,118,L
162,119,T,156,119,E
163,120,F,157,120,G
164,121,A,158,121,L
165,122,A,159,122,S
166,123,N,160,123,S
167,124,G,161,124,S
168,125,W,162,125,G
169,126,V,163,126,D
170,127,E,164,127,A
171,128,P,165,128,V
172,129,A,166,129,R
177,130,F,167,130,F
178,131,G,168,131,G
179,132,P,169,132,P
180,133,L,170,133,V
181,134,K,171,134,E
182,135,V,172,135,L
183,136,F,173,136,F
184,137,Y,174,137,Y
185,138,P,175,138,P
186,139,G,176,139,G
187,140,P,177,140,A
188,141,G,178,141,A
189,142,H,179,142,H
190,143,T,180,143,S
191,144,S,181,144,T
192,145,D,182,145,D
193,146,N,183,146,N
194,147,I,184,147,L
195,148,T,185,148,I
196,149,V,186,149,V
197,150,G,187,150,Y
198,151,I,188,151,V
199,152,D,189,152,P
200,153,G,190,153,S
201,154,T,191,154,A
202,155,D,192,155,S
203,156,I,193,156,V
204,157,A,194,157,L
205,158,F,195,158,Y
206,159,G,196,159,G
207,160,G,197,160,G
208,161,C,198,161,C
209,162,L,199,162,A
210,163,I,200,163,I
211,164,K,201,164,Y
212,165,D,202,165,E
213,166,S,203,166,L
214,167,K,204,167,S
215,168,A,205,168,R
216,169,K,206,169,T
217,170,S,207,170,S
218,171,L,208,171,A
219,172,G,209,172,G
220,173,N,210,173,N
221,174,L,211,174,V
222,175,G,212,175,A
223,176,D,213,176,D
224,177,A,214,177,A
225,178,D,215,178,D
226,179,T,216,179,L
227,180,E,217,180,A
228,181,H,218,181,E
229,182,Y,219,182,W
230,183,A,220,183,P
231,184,A,221,184,T
232,185,S,222,185,S
233,186,A,223,186,I
234,187,R,224,187,E
235,188,A,225,188,R
236,189,F,226,189,I
237,190,G,227,190,Q
238,191,A,228,191,Q
239,192,A,229,192,H
240,193,F,230,193,Y
241,194,P,231,194,P
242,195,K,232,195,E
243,196,A,233,196,A
244,197,S,234,197,Q
245,198,M,235,198,F
246,199,I,236,199,V
247,200,V,237,200,I
248,201,M,238,201,P
249,202,S,239,202,G
250,203,H,240,203,H
251,204,S,241,204,G
252,205,A,242,205,L
253,206,P,243,206,P
254,207,D,244,207,G
255,208,S,245,208,G
256,209,R,246,209,L
257,210,A,247,210,D
258,211,A,248,211,L
259,212,I,249,212,L
260,213,T,250,213,K
261,214,H,251,214,H
262,215,T,252,215,T
263,216,A,253,216,T
264,217,R,254,217,N
265,218,M,255,218,V
266,219,A,256,219,V
267,220,D,257,220,K
268,221,K,258,221,A
